{"averageTrainLoss": [13.669819716449197, 8.04325371572416], "charErrorRates": [0.8294549499443826, 0.3882091212458287], "wordAccuracies": [0.06902532084634062, 0.3458203260492542]}