{"averageTrainLoss": [11.322311660470483, 5.125797615094816, 3.6532408108994296, 3.0490320814254623, 2.7118090301888174, 2.470825049975147, 2.2791276820718425, 2.1321774961741546, 2.0085090185409267, 1.9163840739150027, 1.8129369295351037, 1.7390933239841027, 1.6574094622102502, 1.6052472851592112, 1.5376076620463366, 1.497045351707772, 1.4369616793170912, 1.3892410840073677, 1.3480928306982398], "charErrorRates": [0.4703893214682981, 0.28413793103448276, 0.20880978865406008, 0.18562847608453836, 0.15813125695216906, 0.16048943270300334, 0.14278086763070078, 0.13886540600667407, 0.13406006674082313, 0.12872080088987764, 0.1378865406006674, 0.12809788654060067, 0.1239154616240267, 0.12560622914349276, 0.11839822024471636, 0.12, 0.11862068965517242, 0.11399332591768632, 0.10954393770856508], "wordAccuracies": [0.2920568851890392, 0.44190079778009017, 0.5613943808532779, 0.5905306971904266, 0.6356226153312522, 0.6368366285119667, 0.6631980575789108, 0.6734304543877905, 0.6807145334720777, 0.689559486645855, 0.6734304543877905, 0.6942421089143254, 0.7058619493583074, 0.6975372875476934, 0.717655220256677, 0.7089836975372875, 0.7188692334373916, 0.7233784252514741, 0.7299687825182102]}