{"averageTrainLoss": [16.97892538998105, 13.568135077800227, 12.301368450899737, 10.493938568535201, 8.594369083369545, 6.8871902894536285, 5.81091992351987, 5.109627793688293, 4.583353930657063, 4.185824864501253, 3.8633502710849865, 3.5986182667793485, 3.4229819862120743, 3.2270528023396063, 3.070982913358496, 2.9502239795999787, 2.846266661215266, 2.707459189476223, 2.643820692639832, 2.5400789549591343, 2.475300869810472, 2.408772249834253, 2.3239461675696416, 2.275197812176626, 2.209715034983574, 2.1566212778791374, 2.125579727899044, 2.0585731738204256, 2.0372120513828524, 1.9708555849320297, 1.9326884396579287, 1.8996480353381655, 1.852026057899545, 1.8171827443149111, 1.7923824316864714, 1.7539980378719644, 1.7277752500061596, 1.683330203415057, 1.6627325749178545, 1.629281320703139, 1.6077911602247745, 1.5834873761605779, 1.5533735281830534, 1.5272529245516575, 1.5019375632662293, 1.4931025647242135, 1.4770385825305903, 1.4351105318156951, 1.404342268585065, 1.3868067428606365, 1.3743799782674246, 1.350522010698231, 1.3311836785132731, 1.314634993535663, 1.2748341210391543, 1.2778990285112224, 1.258015025099483, 1.2368823885917664, 1.2152871090337771, 1.2052289252981134, 1.1849033378679819, 1.174957148525693, 1.1438876428735365, 1.1376396636350439, 1.128726088672603, 1.1105709671974182, 1.100135611831595, 1.0878215005638403, 1.0531524217456854, 1.0564966715803934, 1.0356345991475866, 1.024952494770015, 0.9948830445972058, 0.9959017727353158, 0.9790150249769928, 0.9616277168650146, 0.9581831234310745, 0.9374727065410089, 0.9321410568482286, 0.9103872059682093], "charErrorRates": [1.0, 1.0, 0.9242714126807564, 0.8006674082313682, 0.5323692992213571, 0.48369299221357065, 0.3347719688542825, 0.3080756395995551, 0.28591768631813125, 0.25775305895439377, 0.23790878754171302, 0.2203337041156841, 0.2203337041156841, 0.20431590656284762, 0.19119021134593994, 0.18874304783092324, 0.18189098998887654, 0.18264738598442715, 0.1720578420467186, 0.1664071190211346, 0.16484983314794216, 0.16017797552836485, 0.1567964404894327, 0.15399332591768633, 0.1521690767519466, 0.15016685205784205, 0.15319243604004448, 0.14914349276974417, 0.1490100111234705, 0.152880978865406, 0.14202447163515017, 0.13926585094549498, 0.13833147942157953, 0.13379310344827586, 0.13770856507230256, 0.1453615127919911, 0.13561735261401558, 0.13414905450500555, 0.13561735261401558, 0.12845383759733037, 0.13406006674082313, 0.1303670745272525, 0.1307230255839822, 0.13018909899888764, 0.1289877641824249, 0.1293437152391546, 0.12529477196885427, 0.12863181312569522, 0.12173526140155728, 0.12983314794215794, 0.12511679644048943, 0.1203559510567297, 0.12596218020022246, 0.12133481646273638, 0.11937708565072302, 0.11692992213570634, 0.12120133481646274, 0.12444938820912124, 0.12097886540600668, 0.11684093437152392, 0.12008898776418242, 0.12111234705228031, 0.11937708565072302, 0.11670745272525028, 0.11737486095661846, 0.11866518353726363, 0.11804226918798665, 0.11879866518353727, 0.11902113459399333, 0.11955506117908787, 0.11764182424916574, 0.11733036707452725, 0.12017797552836484, 0.11848720800889878, 0.11777530589543937, 0.1185761957730812, 0.11755283648498331, 0.11746384872080089, 0.11799777530589543, 0.12026696329254727], "wordAccuracies": [0.0, 0.0, 0.0, 0.10215053763440861, 0.2627471383975026, 0.2714186611168921, 0.39871661463753033, 0.42178286507110646, 0.4588969823100936, 0.4885535900104058, 0.511619840443982, 0.5409295872355185, 0.5395421436004162, 0.5665972944849116, 0.5809920221990982, 0.5837669094693028, 0.5953867499132848, 0.5917447103711412, 0.6108220603537982, 0.6156781130766562, 0.6212278876170656, 0.6311134235171696, 0.6385709330558446, 0.6432535553243149, 0.6455081512313562, 0.6503642039542143, 0.639091224419008, 0.6503642039542143, 0.649843912591051, 0.6389177939646202, 0.6626777662157475, 0.6659729448491155, 0.6671869580298301, 0.6742976066597295, 0.673777315296566, 0.6560874089490114, 0.6720430107526881, 0.6815816857440167, 0.6767256330211585, 0.6893860561914672, 0.6807145334720777, 0.6866111689212626, 0.6841831425598335, 0.6817551161984045, 0.6876517516475893, 0.6888657648283039, 0.6975372875476934, 0.684530003468609, 0.7029136316337149, 0.6826222684703434, 0.6992715920915713, 0.7055150884495317, 0.6935483870967742, 0.7041276448144295, 0.7075962539021852, 0.7098508498092265, 0.7041276448144295, 0.6996184530003469, 0.7070759625390218, 0.7131460284425946, 0.7105445716267776, 0.7079431148109608, 0.7114117238987167, 0.7150537634408602, 0.7138397502601457, 0.7115851543531044, 0.708636836628512, 0.7148803329864725, 0.7063822407214707, 0.7075962539021852, 0.715227193895248, 0.7126257370794311, 0.7077696843565731, 0.7141866111689212, 0.7140131807145335, 0.7096774193548387, 0.7157474852584114, 0.7145334720776968, 0.7115851543531044, 0.7122788761706556]}