{"averageTrainLoss": [15.01620741630798, 11.117776104304344, 7.549794266757355, 5.563038553821442, 4.540529467743825, 3.9395310846093583, 3.544158908330142, 3.238158777968524, 3.0153931199687802, 2.8429559387572825, 2.677672647450068, 2.568348336981856, 2.4328394219211247, 2.337013145559999, 2.2419555361412433, 2.172966025191355, 2.0969984286451995, 2.0177994035694695, 1.9600810825008235, 1.889133267751023, 1.8491479697292799, 1.7970251427393527, 1.7414093218981948, 1.6993491720391192, 1.6600924986138192, 1.6013657360860747, 1.5710640389081005, 1.5471257602787454, 1.4958278789912185, 1.4614031347509933, 1.4379319643865438, 1.3977100661356154, 1.36589973430111, 1.333846614513223, 1.3166054568878591, 1.2977874964883882, 1.2568242310388993, 1.226917941820676, 1.2148054688488512, 1.1888371776772417, 1.143383473838301, 1.1303497650851941, 1.11083173452447, 1.097826401664786, 1.0731148828654529, 1.0457910691222099, 1.0304253447001384, 1.0159611386251233, 0.9878294802691838, 0.96884734744895, 0.9555571307874706, 0.9434342547638775, 0.924375738183113], "charErrorRates": [0.9925250278086764, 0.8049833147942158, 0.4120578420467186, 0.32017797552836486, 0.2721245828698554, 0.24226918798665184, 0.20760845383759732, 0.1932369299221357, 0.18611790878754172, 0.17953281423804227, 0.17152391546162402, 0.16444938820912125, 0.15813125695216906, 0.1539043381535039, 0.15003337041156842, 0.14812013348164627, 0.14665183537263626, 0.14131256952169077, 0.1414015572858732, 0.13557285873192437, 0.13810901001112347, 0.13183537263626252, 0.12662958843159067, 0.13010011123470522, 0.1274304783092325, 0.12378197997775306, 0.12369299221357064, 0.12266963292547274, 0.12378197997775306, 0.12618464961067855, 0.12226918798665183, 0.11902113459399333, 0.12529477196885427, 0.1181757508342603, 0.11737486095661846, 0.11875417130144605, 0.1163959955506118, 0.11523915461624026, 0.11506117908787541, 0.11377085650723026, 0.1146607341490545, 0.11510567296996663, 0.11208008898776418, 0.11670745272525028, 0.11434927697441602, 0.11368186874304784, 0.11301446051167964, 0.11724137931034483, 0.11626251390433816, 0.11381535038932147, 0.11612903225806452, 0.11292547274749722, 0.11492769744160178], "wordAccuracies": [0.013527575442247659, 0.06156781130766563, 0.3274366978841485, 0.41345820326049254, 0.463579604578564, 0.5093652445369407, 0.5520291363163371, 0.5773499826569546, 0.5881026708289976, 0.6018036767256331, 0.6080471730835935, 0.6226153312521678, 0.628338536246965, 0.6437738466874783, 0.6496704821366632, 0.6505376344086021, 0.6501907734998266, 0.6642386403052376, 0.6670135275754423, 0.6742976066597295, 0.670482136663198, 0.6833159902878946, 0.6952826916406522, 0.6833159902878946, 0.692854665279223, 0.6985778702740201, 0.6980575789108567, 0.6987513007284079, 0.6902532084634062, 0.6921609434616719, 0.7056885189039195, 0.7091571279916753, 0.693721817551162, 0.7075962539021852, 0.7162677766215747, 0.7112382934443289, 0.7140131807145335, 0.7148803329864725, 0.7129725979882068, 0.7174817898022893, 0.7188692334373916, 0.7181755116198404, 0.7237252861602498, 0.7129725979882068, 0.7185223725286161, 0.7195629552549427, 0.7289281997918835, 0.7122788761706556, 0.7181755116198404, 0.7219909816163719, 0.720256677072494, 0.7200832466181062, 0.7207769684356573]}