{"averageTrainLoss": [72.45240083459305, 52.36689683400333, 38.88110352433436, 32.56677916714045, 29.337680146030095, 27.03489984660388, 25.685957190108624, 24.220003528682064, 23.153930637934437, 22.33322226293555, 21.744829804929967, 21.03636657157445, 20.450782697494716, 19.821230243874467, 19.43801937364552, 19.007099125483265, 18.53818422692007, 18.255171248901924, 18.059860908821836, 17.687424472477883, 17.42779373360551, 17.34228857031696, 16.839703181018567, 16.48706492332563, 16.52600225683761, 16.148529327079043, 15.948780926395225, 15.803546339409536, 15.616735031615654, 15.470845061350087, 15.319288920049798, 15.140910932462509, 14.84769402682509, 14.761685467201826, 14.584763587881985, 14.405135942920703, 14.447831981258306, 14.34197479840283, 14.121317214617447, 13.993037180269145, 13.842970991787846, 13.805980769466592, 13.647410558238965, 13.548222724705527, 13.437851457290998, 13.30214015316201, 13.26466156685189, 13.148083447321365, 13.001649399326272, 13.080719316386741, 12.969226771838045, 12.78092600765838, 12.709694069814464, 12.55099191186635, 12.648627024263007, 12.356110651199131, 12.43441476342885, 12.387269664572798, 12.282900305099139, 12.205038227447092, 12.154446723798639, 12.122907638549805, 12.122183037675134, 11.905864375911348, 11.976358735942405, 11.936314491376486, 11.80894387475976, 11.804216489399948, 11.718191368939125, 11.68767915577649, 11.716554624304925, 11.684724084862836, 11.438314109088079, 11.490838982743215, 11.329831314957849, 11.473981356511922, 11.331546101940276, 11.319408133694026, 11.335656011485618, 11.28052099001462, 11.143273349221984, 11.12033182954135, 11.095361457023447, 10.936592803153818, 10.997508987444176, 11.047564732973978, 10.979791843727844, 10.873850319483509, 10.845231371927479, 10.872131730867848, 10.821366079321734, 10.808063245799444, 10.592545633446681, 10.820283323662466, 10.732891962408475, 10.578650910016064, 10.691125882815008, 10.458858069763881, 10.504447756292613, 10.531183264571238, 10.517853545271644, 10.422829024867925, 10.435060448842506, 10.364371841900969, 10.305677995289841, 10.408684543278664, 10.316349380092534, 10.255563921035696], "charErrorRates": [0.9520522153884775, 0.6883837004112553, 0.3761176618256189, 0.25998419952893925, 0.23510953270476007, 0.22026151994624887, 0.20046663073413123, 0.18215580445809554, 0.17073368822864907, 0.17032760135559183, 0.15804901099387916, 0.15946662335073353, 0.14580733762062625, 0.144522626422227, 0.14162095112929068, 0.13339584610045851, 0.13476177467346923, 0.13454027274271074, 0.12827915149993724, 0.12424043296244065, 0.12636685149772223, 0.12592384763620523, 0.12033461558339917, 0.1213166074764285, 0.12046751674185427, 0.11702685341740562, 0.11989161172188217, 0.11711545418970902, 0.11752154106276626, 0.11650263218127718, 0.11719667156432047, 0.11201352638457165, 0.11412517812446932, 0.11398489356832227, 0.11135640398998811, 0.10774592251862462, 0.12298525535480917, 0.11352712291142138, 0.10814462599398991, 0.10451199432955058, 0.10894941634241245, 0.10588530630025325, 0.10776807271170047, 0.1154394229136364, 0.10522080050797776, 0.10489593100953197, 0.10353000243652123, 0.10634307695715414, 0.10756872097401782, 0.10726600166864787, 0.10647597811560924, 0.10558997039257526, 0.10035514142898279, 0.10011148930514845, 0.10301316459808475, 0.10465966228338958, 0.10077599509742394, 0.10307961517731229, 0.09926978196826616, 0.0999121375674658, 0.10174322019506937, 0.0998087699997785, 0.10259969432733555, 0.0998235367951624, 0.09863480976675847, 0.1024003425896529, 0.09959465146671195, 0.10372197077651193, 0.0998235367951624, 0.10080552868819173, 0.10224529123812195, 0.10006718891899674, 0.09864957656214236, 0.1000155051351531, 0.09883416150444112, 0.10274736228117455, 0.10213454027274271, 0.10157340204815452, 0.09946175030825685, 0.09892276227674451, 0.10217145726120246, 0.09893014567443646, 0.09946175030825685, 0.10222314104504611, 0.09787431980448763, 0.10068001092742858, 0.0999416711582336, 0.10082029548357563, 0.09803675455371053, 0.09878247772059746, 0.10301316459808475, 0.09803675455371053, 0.09612445455149551, 0.0971138298422168, 0.10036252482667474, 0.0966117587991642, 0.10143311749200747, 0.09947651710364075, 0.09701784567222144, 0.09755683370373379, 0.09764543447603719, 0.09745346613604648, 0.09565191709921071, 0.10007457231668869, 0.0970252290699134, 0.09636810667532986, 0.09757898389680963, 0.09699569547914559], "wordAccuracies": [0.0, 0.0, 0.0008671522719389525, 0.01664932362122789, 0.026187998612556364, 0.03590010405827263, 0.04665279223031564, 0.07075962539021852, 0.0837669094693028, 0.0837669094693028, 0.10110995490808186, 0.09642733263961152, 0.1205341657995144, 0.11619840443981963, 0.12278876170655567, 0.13909122441900798, 0.1368366285119667, 0.1408255289628859, 0.15071106486298994, 0.16718695802983005, 0.15279223031564343, 0.15955601803676725, 0.1715227193895248, 0.1663198057578911, 0.16770724939299342, 0.1805411030176899, 0.1659729448491155, 0.17429760665972946, 0.18175511619840443, 0.17967395074575096, 0.17030870620881028, 0.19302809573361082, 0.18921262573707942, 0.1899063475546306, 0.1919875130072841, 0.20378078390565382, 0.1661463753035033, 0.19302809573361082, 0.2060353798126951, 0.21470690253208463, 0.20672910163024627, 0.21678806798473813, 0.21383975026014568, 0.186264308012487, 0.2169614984391259, 0.21175858480749218, 0.2223378425251474, 0.21678806798473813, 0.2154006243496358, 0.2133194588969823, 0.21019771071800208, 0.2134928893513701, 0.23603884842178285, 0.2297953520638224, 0.22597988206729103, 0.23326396115157821, 0.2299687825182102, 0.22840790842872008, 0.24332292750607007, 0.23586541796739507, 0.2299687825182102, 0.23378425251474158, 0.21886923343739162, 0.23291710024280263, 0.24054804023586543, 0.22910163024627125, 0.23638570933055844, 0.2206035379812695, 0.23968088796392648, 0.23083593479014916, 0.2356919875130073, 0.23777315296566076, 0.23655913978494625, 0.23066250433576135, 0.24401664932362122, 0.22216441207075963, 0.23066250433576135, 0.2355185570586195, 0.23968088796392648, 0.24349635796045785, 0.23048907388137357, 0.24158862296219216, 0.24488380159556017, 0.23204994797086367, 0.240894901144641, 0.230142212972598, 0.23777315296566076, 0.2315296566077003, 0.23499826569545612, 0.24540409295872356, 0.23846687478321194, 0.25147415886229624, 0.24748525841137703, 0.2540756156781131, 0.2393340270551509, 0.2533818938605619, 0.24020117932708984, 0.24661810613943808, 0.2613596947624003, 0.25026014568158167, 0.2530350329517863, 0.2542490461325009, 0.25615678113076656, 0.24419007977800902, 0.25667707249392996, 0.25633021158515434, 0.25823794658342003, 0.2577176552202567]}