{"averageTrainLoss": [71.03345358861635, 51.02979444042188, 38.3267375824114, 32.36890631723622, 29.224597626080797, 26.974096881744526, 25.30516118437188, 24.20591512880369, 23.14088018408649, 22.276555117951137, 21.6534326805916, 21.105258558438795, 20.427565391749553, 19.743655095906018, 19.39502670340342], "charErrorRates": [0.9574863960897526, 0.7827878233005264, 0.3495152799415235, 0.26922083004156855, 0.23584787247395506, 0.208012463175304, 0.19235966006837027, 0.1901446407607853, 0.17985218437820716, 0.18013275349050126, 0.16105405385450278, 0.1560850272078205, 0.15033336040579154, 0.1427801445669268, 0.14642754302675004], "wordAccuracies": [0.0, 0.0, 0.001040582726326743, 0.015088449531737774, 0.027575442247658687, 0.05220256677072494, 0.06122095039889004, 0.0657301422129726, 0.07700312174817898, 0.08047173083593478, 0.10301768990634755, 0.1040582726326743, 0.10718002081165452, 0.12695109261186263, 0.12330905306971904]}