{"averageTrainLoss": [16.03159337936471, 15.936866024313453, 15.694535699609208, 15.457089807344898, 15.318878539621014, 15.286906786705261, 15.060709439456192, 14.740685349730052, 14.698028346719262, 14.567972962714766, 14.541788911166256, 14.271042627831028, 14.212797495872463, 14.092792872424539, 14.016592378485692, 13.884484487037136, 13.673637951890083, 13.600029945373535, 13.526996046440786], "charErrorRates": [0.12391556346399486, 0.11868811789809434, 0.11972917697265928, 0.11244176345070475, 0.11617776268283138, 0.1155280236859398, 0.11213166074764284, 0.11552064028824785, 0.12113202253412976, 0.10928905263624214, 0.10749488699709832, 0.10869838082088616, 0.10797480784707507, 0.10522818390566971, 0.10744320321325468, 0.10344878506190978, 0.1056121205856511, 0.10360383641344073, 0.10432002598955988], "wordAccuracies": [0.16944155393687133, 0.18383628165105792, 0.18106139438085328, 0.19961845300034686, 0.1914672216441207, 0.18713146028442595, 0.2060353798126951, 0.19580298300381546, 0.1878251821019771, 0.21956295525494277, 0.21592091571279917, 0.22337842525147417, 0.21436004162330904, 0.21938952480055499, 0.21557405480402358, 0.22632674297606659, 0.22320499479708636, 0.22424557752341312, 0.2294484911550468]}