{"averageTrainLoss": [32.803767313151596, 25.01117075741563, 23.27447416575532, 22.08407712091594, 21.16557600291352, 20.446316370680996, 19.96034814669117, 19.381358238115702, 18.973007903251474, 18.652034602753105, 18.33846468903703, 17.908619083770333, 17.5254865933771], "charErrorRates": [0.14071279321318084, 0.1270018236992299, 0.11908682137345963, 0.11058114723233338, 0.0997201692274751, 0.09300866072549266, 0.0963016560961023, 0.09040232134023435, 0.08693950782270986, 0.09949866729671661, 0.08817253523726548, 0.08004341437842867, 0.081616078086814], "wordAccuracies": [0.26344086021505375, 0.2956989247311828, 0.32396808879639266, 0.3321193201526188, 0.3702740201179327, 0.38761706555671177, 0.37946583420048563, 0.40218522372528615, 0.4136316337148803, 0.3707943114810961, 0.40045091918140824, 0.4386056191467222, 0.4292403746097815]}