{"averageTrainLoss": [1.7587070563068128, 1.7199561993281047, 1.6652015148232517, 1.625887041766894, 1.58643665977809, 1.5472364278688824, 1.520820352584804, 1.4899012476341909, 1.4600966265212456, 1.4179550583504106, 1.394637648373434, 1.3607118369237472, 1.3325790493455651, 1.3136464920762467, 1.2938103860916068, 1.2625596907040844, 1.2401732361479982, 1.2201124734530167, 1.1844472038691447, 1.1725060449887628, 1.1467923854039683, 1.1183875755632304], "charErrorRates": [0.12774193548387097, 0.12961067853170188, 0.12698553948832036, 0.1289432703003337, 0.12173526140155728, 0.12476084538375973, 0.11853170189099, 0.12111234705228031, 0.11942157953281424, 0.11675194660734149, 0.12115684093437153, 0.11830923248053393, 0.11706340378197998, 0.116440489432703, 0.1146607341490545, 0.11879866518353727, 0.11755283648498331, 0.12329254727474973, 0.11519466073414905, 0.11523915461624026, 0.11368186874304784, 0.12195773081201335], "wordAccuracies": [0.6949358307318765, 0.6866111689212626, 0.6919875130072841, 0.6883454734651405, 0.7046479361775928, 0.6971904266389178, 0.711064862989941, 0.7084634061741242, 0.7077696843565731, 0.7166146375303504, 0.7039542143600416, 0.711064862989941, 0.7148803329864725, 0.7167880679847382, 0.7181755116198404, 0.7108914325355532, 0.7062088102670829, 0.7034339229968782, 0.7169614984391259, 0.7233784252514741, 0.7206035379812695, 0.7020464793617759]}