{"averageTrainLoss": [2.0612656218276175, 1.4869478366690683, 1.3888938305856975, 1.3416417573140635, 1.302846983823602, 1.279523493084189, 1.2500405575586782, 1.227449388264521, 1.2054724034653406], "charErrorRates": [0.09601779755283649, 0.09125695216907675, 0.08845383759733037, 0.08582869855394883, 0.08898776418242492, 0.08533926585094549, 0.08413793103448276, 0.09365962180200223, 0.08876529477196886], "wordAccuracies": [0.8165105792577176, 0.8274366978841484, 0.8289975719736385, 0.83437391605966, 0.8305584460631287, 0.8331599028789456, 0.839403399236906, 0.8274366978841484, 0.828650711064863]}