{"averageTrainLoss": [11.69846962793777, 8.723550378459773, 6.296032001983085, 5.031047671897226, 4.263109300778881, 3.783210068532865, 3.426208975108247, 3.161955344622538, 2.939529273063625, 2.778311367992941, 2.613685930700607, 2.4791095387445736, 2.385129745148088, 2.2931388997596147], "charErrorRates": [0.8318576195773081, 0.5224026696329255, 0.36200222469410454, 0.2886318131256952, 0.26843159065628475, 0.2203337041156841, 0.2114794215795328, 0.19127919911012237, 0.17948832035595105, 0.17628476084538375, 0.1672080088987764, 0.1603114571746385, 0.1575083426028921, 0.15408231368186875], "wordAccuracies": [0.10475199445022546, 0.24592438432188693, 0.36420395421436, 0.449531737773153, 0.4750260145681582, 0.543010752688172, 0.5554977454040929, 0.5780437044745057, 0.6064862989941033, 0.6064862989941033, 0.6236559139784946, 0.6295525494276795, 0.6392646548733958, 0.6370100589663545]}